INSERT INTO client (firstname, surname, email, `password`, address, zip_code, city, country, phone_number, last_login, birthdate, is_active) VALUES
	('John', 'Doe', 'johndoe@example.com', 'password123', '123 Main Street', '12345', 'Anytown', 'USA', '123-456-7890', '2022-01-01 12:00:00', '1990-01-01', 1),
	('Jane', 'Smith', 'janesmith@example.com', 'password456', '456 Elm Street', '54321', 'Othertown', 'Canada', '987-654-3210', '2022-01-02 12:00:00', '1988-05-15', 1),
	('Alice', 'Johnson', 'alicejohnson@example.com', 'pass1234', '789 Oak Street', '67890', 'Smalltown', 'UK', '456-789-0123', '2022-01-03 12:00:00', '1995-10-20', 1),
	('Bob', 'Williams', 'bobwilliams@example.com', 'qwerty123', '321 Pine Street', '45678', 'Largetown', 'Australia', '123-456-7890', '2022-01-04 12:00:00', '1980-07-12', 1),
	('Emily', 'Brown', 'emilybrown@example.com', 'password789', '654 Cedar Street', '87654', 'Mediumtown', 'Germany', '789-012-3456', '2022-01-05 12:00:00', '1998-02-28', 1),
	('Michael', 'Jones', 'michaeljones@example.com', 'abc123', '987 Birch Street', '34567', 'Cooltown', 'France', '012-345-6789', '2022-01-06 12:00:00', '1983-09-08', 1),
	('Sarah', 'Davis', 'sarahdavis@example.com', 'password1234', '234 Poplar Street', '76543', 'Busytown', 'Spain', '345-678-9012', '2022-01-07 12:00:00', '1992-12-25', 1),
	('David', 'Martinez', 'davidmartinez@example.com', 'martinez123', '876 Birch Street', '23456', 'Sunnytown', 'Italy', '678-901-2345', '2022-01-08 12:00:00', '1986-03-18', 1),
	('Jessica', 'Garcia', 'jessicagarcia@example.com', 'garcia456', '543 Cherry Street', '65432', 'Happytown', 'Mexico', '901-234-5678', '2022-01-09 12:00:00', '1994-06-30', 1),
	('Matthew', 'Rodriguez', 'matthewrodriguez@example.com', 'password987', '321 Oak Street', '54321', 'Friendstown', 'Brazil', '345-678-9012', '2022-01-10 12:00:00', '1975-11-16', 1),
	('Amanda', 'Lopez', 'amandalopez@example.com', 'lopez1234', '876 Maple Street', '23456', 'Smiletown', 'Argentina', '678-901-2345', '2022-01-11 12:00:00', '1997-09-03', 1),
	('James', 'Hernandez', 'jameshernandez@example.com', 'password567', '654 Cedar Street', '76543', 'Bigtown', 'Peru', '901-234-5678', '2022-01-12 12:00:00', '1989-04-05', 1),
	('Olivia', 'Gonzalez', 'oliviagonzalez@example.com', 'gonzalez123', '234 Pine Street', '87654', 'Littletown', 'Chile', '234-567-8901', '2022-01-13 12:00:00', '1984-01-19', 1),
	('Liam', 'Perez', 'liamperez@example.com', 'password234', '789 Birch Street', '98765', 'Nowheretown', 'Uruguay', '567-890-1234', '2022-01-14 12:00:00', '1996-08-22', 1),
	('Emma', 'Sanchez', 'emmasanchez@example.com', 'sanchez567', '543 Birch Street', '54321', 'Crazytown', 'Venezuela', '890-123-4567', '2022-01-15 12:00:00', '1991-02-09', 1),
	('Noah', 'Ramirez', 'noahramirez@example.com', 'password345', '876 Main Street', '23456', 'Wonderland', 'Colombia', '123-456-7890', '2022-01-16 12:00:00', '1987-07-04', 1),
	('Isabella', 'Torres', 'isabellatorres@example.com', 'torres345', '654 Elm Street', '76543', 'Fantasyland', 'Ecuador', '456-789-0123', '2022-01-17 12:00:00', '1993-10-28', 1),
	('William', 'Nguyen', 'williamnguyen@example.com', 'password4567', '789 Oak Street', '87654', 'Mysteryland', 'Panama', '789-012-3456', '2022-01-18 12:00:00', '1978-05-02', 1),
	('Sophia', 'Kim', 'sophiakim@example.com', 'kim123', '321 Poplar Street', '65432', 'Utopia', 'Bolivia', '012-345-6789', '2022-01-19 12:00:00', '1990-09-13', 1),
	('Logan', 'Tran', 'logantran@example.com', 'password7890', '987 Cherry Street', '34567', 'Dreamland', 'Paraguay', '345-678-9012', '2022-01-20 12:00:00', '1981-11-07', 1),
	('Mia', 'Ali', 'miali@example.com', 'ali678', '234 Pine Street', '23456', 'Zion', 'Uruguay', '678-901-2345', '2022-01-21 12:00:00', '1985-04-23', 1),
	('Benjamin', 'Singh', 'benjaminsingh@example.com', 'password098', '876 Cedar Street', '54321', 'Nirvana', 'Venezuela', '901-234-5678', '2022-01-22 12:00:00', '1999-06-02', 1),
	('Amelia', 'Choi', 'ameliachoi@example.com', 'choi567', '543 Maple Street', '76543', 'Shangri-la', 'Colombia', '234-567-8901', '2022-01-23 12:00:00', '1982-12-08', 1),
	('Ethan', 'Patel', 'ethanpatel@example.com', 'password5678', '789 Pine Street', '98765', 'Utopia', 'Ecuador', '567-890-1234', '2022-01-24 12:00:00', '1994-08-24', 1),
	('Ella', 'Kim', 'ellakim@example.com', 'kim234', '321 Main Street', '23456', 'Narnia', 'Panama', '890-123-4567', '2022-01-25 12:00:00', '1986-01-11', 1),
	('Alexander', 'Liu', 'alexanderliu@example.com', 'liu890', '876 Elm Street', '65432', 'Atlantis', 'Bolivia', '123-456-7890', '2022-01-26 12:00:00', '1998-03-20', 1),
	('Avery', 'Shah', 'averyshah@example.com', 'password3456', '654 Cedar Street', '34567', 'Oz', 'Paraguay', '456-789-0123', '2022-01-27 12:00:00', '1980-06-16', 1),
	('Sofia', 'Gupta', 'sofiagupta@example.com', 'gupta456', '234 Poplar Street', '98765', 'Wonderland', 'Uruguay', '789-012-3456', '2022-01-28 12:00:00', '1991-09-30', 1),
	('Jackson', 'Chung', 'jacksonchung@example.com', 'password678', '789 Birch Street', '54321', 'Fantasyland', 'Venezuela', '012-345-6789', '2022-01-29 12:00:00', '1987-04-12', 1),
	('Madison', 'Das', 'madisondas@example.com', 'das123', '321 Cherry Street', '76543', 'Mysteryland', 'Colombia', '345-678-9012', '2022-01-30 12:00:00', '1993-11-25', 1),
	('Aiden', 'Patel', 'aidenpatel@example.com', 'password790', '876 Main Street', '23456', 'Utopia', 'Ecuador', '678-901-2345', '2022-01-31 12:00:00', '1982-07-19', 1),
	('Scarlett', 'Zhang', 'scarlettzhang@example.com', 'zhang890', '543 Elm Street', '87654', 'Dreamland', 'Panama', '901-234-5678', '2022-02-01 12:00:00', '1985-10-05', 1),
	('Lucas', 'Ali', 'lucasali@example.com', 'password203', '789 Pine Street', '98765', 'Zion', 'Uruguay', '234-567-8901', '2022-02-02 12:00:00', '1988-02-14', 1),
	('Chloe', 'Singh', 'chloesingh@example.com', 'singh567', '321 Cedar Street', '65432', 'Nirvana', 'Venezuela', '567-890-1234', '2022-02-03 12:00:00', '1990-05-17', 1),
	('Zachary', 'Choi', 'zacharychoi@example.com', 'password5678', '876 Maple Street', '34567', 'Shangri-la', 'Colombia', '890-123-4567', '2022-02-04 12:00:00', '1984-08-23', 1),
	('Aria', 'Patel', 'ariapatel@example.com', 'patel890', '543 Main Street', '87654', 'Utopia', 'Ecuador', '123-456-7890', '2022-02-05 12:00:00', '1987-12-16', 1),
	('Grayson', 'Liu', 'graysonliu@example.com', 'liu123', '789 Elm Street', '54321', 'Atlantis', 'Bolivia', '456-789-0123', '2022-02-06 12:00:00', '1989-03-09', 1),
	('Luna', 'Shah', 'lunashah@example.com', 'password000', '321 Poplar Street', '98765', 'Oz', 'Paraguay', '789-012-3456', '2022-02-07 12:00:00', '1992-06-19', 1),
	('Henry', 'Gupta', 'henrygupta@example.com', 'gupta234', '876 Cedar Street', '23456', 'Wonderland', 'Uruguay', '012-345-6789', '2022-02-08 12:00:00', '1979-04-28', 1),
	('Hazel', 'Chung', 'hazelchung@example.com', 'password6789', '543 Cherry Street', '65432', 'Fantasyland', 'Venezuela', '345-678-9012', '2022-02-09 12:00:00', '1995-08-22', 1),
	('Wyatt', 'Das', 'wyattdas@example.com', 'das567', '789 Main Street', '76543', 'Mysteryland', 'Colombia', '678-901-2345', '2022-02-10 12:00:00', '1998-02-15', 1);

INSERT INTO author (id,name,fullname,birthdate) VALUES
	 (1,'George Orwell','George Orwell','1903-06-25'),
	 (2,'Harper Lee','Nelle Harper Lee','1926-04-28'),
	 (3,'Ray Bradbury','Ray Douglas Bradbury','1920-08-22'),
	 (4,'J.D. Salinger','Jerome David Salinger','1919-01-01'),
	 (5,'S.E. Hinton','Susan Eloise Hinton','1948-07-22'),
	 (6,'F. Scott Fitzgerald','Francis Scott Key Fitzgerald','1896-09-24'),
	 (7,'Toni Morrison','Chloe Anthony Wofford Morrison','1931-02-18'),
	 (8,'Cormac McCarthy','Cormac McCarthy','1933-07-20'),
	 (9,'Markus Zusak','Markus Zusak','1975-06-23'),
	 (10,'J.K. Rowling','Joanne Rowling','1965-07-31'),
	 (11,'Khaled Hosseini','Khaled Hosseini','1965-03-04'),
	 (12,'Madeleine L''Engle','Madeleine L''Engle','1918-11-29'),
	 (13,'Celeste Ng','Celeste Ng','1980-07-30'),
	 (14,'Michelle Obama','Michelle LaVaughn Robinson Obama','1964-01-17'),
	 (15,'Madeline Miller','Madeline Miller','1978-07-24'),
	 (16,'Tara Westover','Tara Westover','1986-09-27'),
	 (17,'Tayari Jones','Tayari Jones','1970-11-30'),
	 (18,'Delia Owens','Delia Owens','1949-08-15'),
	 (19,'Alex Michaelides','Alex Michaelides','1977-01-01'),
	 (20,'Blake Crouch','Blake Crouch','1978-12-03'),
	 (21,'A.J. Finn','Daniel Mallory','1979-03-28'),
	 (22,'Donna Tartt','Donna Tartt','1963-12-23'),
	 (23,'Dan Brown','Daniel Brown','1964-06-22'),
	 (24,'Kristin Hannah','Kristin Hannah','1960-09-25'),
	 (25,'Jill Biden','Jill Biden','1951-06-03'),
	 (26,'Jon Krakauer','Jon Krakauer','1954-04-12'),
	 (27,'Michael Lewis','Michael Lewis','1960-10-15'),
	 (28,'Brit Bennett','Brit Bennett','1989-12-17'),
	 (29,'Colson Whitehead','Colson Whitehead','1969-11-06'),
	 (30,'Kiley Reid','Kiley Reid','1972-04-19'),
	 (31,'Lucy Foley','Lucy Foley','1970-08-22'),
	 (32,'Maria Semple','Maria Semple','1964-05-21'),
	 (33,'Zadie Smith','Zadie Smith','1975-10-27'),
	 (34,'Daphne Du Maurier','Daphne Du Maurier','1907-05-13'),
	 (35,'Michael Chabon','Michael Chabon','1963-05-24'),
	 (36,'E.B. White','Elwyn Brooks White','1899-07-11'),
	 (37,'J.R.R. Tolkien','John Ronald Reuel Tolkien','1892-01-03'),
	 (38,'Stephenie Meyer','Stephenie Meyer','1973-12-24'),
	 (39,'Yann Martel','Yann Martel','1963-06-25'),
	 (40,'Katherine Paterson','Katherine Paterson','1932-10-31'),
	 (41,'Louis Sachar','Louis Sachar','1954-03-20');

INSERT INTO product (id,quantity,price,vat,score,product_image,reason,is_active) VALUES
	 ('B001',98,56,6.0,5,NULL,NULL,NULL),
	 ('B002',51,114,6.0,2,NULL,NULL,NULL),
	 ('B003',16,136,6.0,1,NULL,NULL,NULL),
	 ('B004',69,30,6.0,5,NULL,NULL,NULL),
	 ('B005',4,61,6.0,5,NULL,NULL,NULL),
	 ('B006',37,15,6.0,2,NULL,NULL,NULL),
	 ('B007',67,26,6.0,5,NULL,NULL,NULL),
	 ('B008',73,14,6.0,2,NULL,NULL,NULL),
	 ('B009',9,96,6.0,5,NULL,NULL,NULL),
	 ('B010',70,108,6.0,3,NULL,NULL,NULL),
	 ('B011',39,63,6.0,5,NULL,NULL,NULL),
	 ('B012',43,51,6.0,2,NULL,NULL,NULL),
	 ('B013',94,79,6.0,5,NULL,NULL,NULL),
	 ('B014',45,124,6.0,4,NULL,NULL,NULL),
	 ('B015',44,128,6.0,5,NULL,NULL,NULL),
	 ('B016',13,127,6.0,5,NULL,NULL,NULL),
	 ('B017',67,123,6.0,1,NULL,NULL,NULL),
	 ('B018',4,136,6.0,3,NULL,NULL,NULL),
	 ('B019',30,44,6.0,3,NULL,NULL,NULL),
	 ('B020',88,115,6.0,1,NULL,NULL,NULL),
	 ('B021',57,48,6.0,5,NULL,NULL,NULL),
	 ('B022',59,32,6.0,2,NULL,NULL,NULL),
	 ('B023',79,15,6.0,1,NULL,NULL,NULL),
	 ('B024',34,47,6.0,3,NULL,NULL,NULL),
	 ('B025',77,31,6.0,4,NULL,NULL,NULL),
	 ('B026',10,42,6.0,1,NULL,NULL,NULL),
	 ('B027',66,147,6.0,5,NULL,NULL,NULL),
	 ('B028',66,82,6.0,4,NULL,NULL,NULL),
	 ('B029',14,65,6.0,4,NULL,NULL,NULL),
	 ('B030',44,145,6.0,3,NULL,NULL,NULL),
	 ('B031',58,63,6.0,2,NULL,NULL,NULL),
	 ('B032',47,50,6.0,2,NULL,NULL,NULL),
	 ('B033',22,53,6.0,1,NULL,NULL,NULL),
	 ('B034',59,81,6.0,5,NULL,NULL,NULL),
	 ('B035',7,82,6.0,3,NULL,NULL,NULL),
	 ('B036',96,39,6.0,3,NULL,NULL,NULL),
	 ('B037',23,140,6.0,5,NULL,NULL,NULL),
	 ('B038',12,99,6.0,5,NULL,NULL,NULL),
	 ('B039',67,86,6.0,5,NULL,NULL,NULL),
	 ('B040',52,9,6.0,4,NULL,NULL,NULL),
	 ('B041',48,32,6.0,4,NULL,NULL,NULL),
	 ('B042',43,46,6.0,2,NULL,NULL,NULL),
	 ('B043',34,140,6.0,4,NULL,NULL,NULL),
	 ('B044',51,82,6.0,2,NULL,NULL,NULL),
	 ('B045',44,80,6.0,2,NULL,NULL,NULL),
	 ('B046',24,16,6.0,5,NULL,NULL,NULL),
	 ('B047',74,36,6.0,1,NULL,NULL,NULL),
	 ('B048',28,60,6.0,1,NULL,NULL,NULL),
	 ('B049',54,42,6.0,4,NULL,NULL,NULL),
	 ('B050',95,69,6.0,3,NULL,NULL,NULL),
	 ('E001',100,500,0.15,4,'image1.jpg','Bestseller',1),
	 ('E002',50,1000,0.1,5,'image2.jpg','New release',1),
	 ('E003',80,800,0.12,4,'image3.jpg','High demand',1),
	 ('E004',30,1200,0.1,4,'image4.jpg','Limited edition',1),
	 ('E005',70,600,0.15,3,'image5.jpg','Affordable option',1),
	 ('E006',90,200,0.2,4,'image6.jpg','Budget-friendly choice',1),
	 ('E007',40,1500,0.08,5,'image7.jpg','Top performance',1),
	 ('E008',60,400,0.18,3,'image8.jpg','Energy-efficient',1),
	 ('E009',20,1800,0.06,5,'image9.jpg','High-end technology',1),
	 ('E010',50,500,0.12,4,'image10.jpg','Popular choice',1),
	 ('E011',60,300,0.18,3,'image11.jpg','Sustainable option',1),
	 ('E012',40,1200,0.1,4,'image12.jpg','Professional grade',1),
	 ('E013',70,700,0.1,3,'image13.jpg','Multi-functional',1),
	 ('E014',90,250,0.15,4,'image14.jpg','Compact design',1),
	 ('E015',30,1600,0.08,5,'image15.jpg','Flagship model',1),
	 ('E016',80,400,0.18,4,'image16.jpg','Smart home compatible',1),
	 ('E017',40,1300,0.1,3,'image17.jpg','Gaming performance',1),
	 ('E018',50,550,0.12,4,'image18.jpg','Value for money',1),
	 ('E019',70,650,0.11,3,'image19.jpg','Enhanced sound quality',1),
	 ('E020',90,220,0.18,4,'image20.jpg','Wireless printing',1),
	 ('E021',40,1350,0.1,3,'image21.jpg','High refresh rate',1),
	 ('E022',50,600,0.12,4,'image22.jpg','Premium design',1),
	 ('E023',70,750,0.1,3,'image23.jpg','Voice control',1),
	 ('E024',90,240,0.18,4,'image24.jpg','Print, scan, copy',1),
	 ('E025',30,1650,0.08,5,'image25.jpg','Ultra-thin bezels',1),
	 ('E026',80,430,0.18,4,'image26.jpg','Smart energy monitoring',1),
	 ('E027',40,1400,0.1,3,'image27.jpg','RGB lighting effects',1),
	 ('E028',50,580,0.12,4,'image28.jpg','Portable and durable',1),
	 ('E029',70,670,0.11,3,'image29.jpg','HD audio playback',1),
	 ('E030',90,230,0.18,4,'image30.jpg','Wireless connectivity',1),
	 ('E031',40,1380,0.1,3,'image31.jpg','Immersive gaming experience',1),
	 ('E032',50,620,0.12,4,'image32.jpg','Premium sound quality',1),
	 ('E033',70,780,0.1,3,'image33.jpg','Video calling',1),
	 ('E034',90,260,0.18,4,'image34.jpg','Fast printing speed',1),
	 ('E035',30,1700,0.08,5,'image35.jpg','Immersive viewing experience',1),
	 ('E036',80,450,0.18,4,'image36.jpg','Voice assistant support',1),
	 ('E037',40,1450,0.1,3,'image37.jpg','Mechanical switches',1),
	 ('E038',50,630,0.12,4,'image38.jpg','Active noise cancellation',1),
	 ('E039',70,790,0.1,3,'image39.jpg','Voice control integration',1),
	 ('E040',90,270,0.18,4,'image40.jpg','High resolution scanning',1),
	 ('E041',40,1420,0.1,3,'image41.jpg','VR-ready performance',1),
	 ('E042',50,640,0.12,4,'image42.jpg','True 360-degree sound',1),
	 ('E043',70,800,0.11,3,'image43.jpg','Smart home automation',1),
	 ('E044',90,280,0.18,4,'image44.jpg','High-speed printing',1),
	 ('E045',30,1750,0.08,5,'image45.jpg','Immersive sound experience',1),
	 ('E046',80,470,0.18,4,'image46.jpg','Colorful lighting effects',1),
	 ('E047',40,1480,0.1,3,'image47.jpg','Fast response time',1),
	 ('E048',50,660,0.12,4,'image48.jpg','Premium build quality',1),
	 ('E049',70,810,0.11,3,'image49.jpg','Smart home security',1),
	 ('E050',90,290,0.18,4,'image50.jpg','Efficient document management',1);

INSERT INTO book (product_id,isbn13,title,genre,publisher,publication_date) VALUES
	 ('B001','9780451520721','1984','Dystopian','Signet Classic','1949-06-08'),
	 ('B002','9780061120084','To Kill a Mockingbird','Fiction','Harper Perennial Modern Classics','1960-07-11'),
	 ('B003','9780345339683','Fahrenheit 451','Fiction','Ballantine Books','1953-10-19'),
	 ('B004','9780143105907','The Catcher in the Rye','Fiction','Penguin Books','1951-07-16'),
	 ('B005','9780140328709','The Outsiders','Fiction','Puffin Books','1967-04-24'),
	 ('B006','9781451626653','The Great Gatsby','Fiction','Scribner','1925-04-10'),
	 ('B007','9780060935467','Beloved','Fiction','Vintage','1987-09-02'),
	 ('B008','9780143039958','The Road','Fiction','Knopf','2006-09-26'),
	 ('B009','9780553386551','The Book Thief','Historical Fiction','Knopf Books for Young Readers','2006-03-14'),
	 ('B010','9780439139601','Harry Potter and the Sorcerer''s Stone','Fantasy','Scholastic','1998-09-01'),
	 ('B011','9780375707971','The Kite Runner','Fiction','Riverhead Books','2003-06-02'),
	 ('B012','9780812984965','A Wrinkle in Time','Fantasy','Farrar, Straus and Giroux','1962-01-01'),
	 ('B013','9780446310789','To Kill A Mockingbird','Fiction','Warner Books','1960-10-11'),
	 ('B014','9780525645614','Little Fires Everywhere','Fiction','Penguin Books','2017-09-12'),
	 ('B015','9780525656009','Becoming','Autobiography','Penguin Books','2018-11-13'),
	 ('B016','9780062315007','Circe','Fantasy','Back Bay Books','2018-04-06'),
	 ('B017','9781982110622','Educated','Biography','Random House','2018-02-20'),
	 ('B018','9781101947806','An American Marriage','Fiction','Algonquin Books','2018-02-06'),
	 ('B019','9780385692874','Where the Crawdads Sing','Mystery','G.P. Putnam''s Sons','2018-08-14'),
	 ('B020','9781945762178','The Silent Patient','Thriller','Celadon Books','2019-02-05'),
	 ('B021','9780765382552','Dark Matter','Science Fiction','Tor Books','2016-07-26'),
	 ('B022','9780399593346','The Woman in the Window','Thriller','William Morrow','2018-01-02'),
	 ('B023','9781101871293','The Goldfinch','Fiction','Back Bay Books','2013-10-22'),
	 ('B024','9780671027032','Angels & Demons','Thriller','Pocket Star','2000-05-23'),
	 ('B025','9781982100678','The Nightingale','Historical Fiction','St. Martin''s Griffin','2015-02-03'),
	 ('B026','9780525621977','Where the Light Enters','Historical Fiction','Berkley','2019-06-04'),
	 ('B027','9780679420484','Into the Wild','Biography','Anchor Books','1996-01-20'),
	 ('B028','9780066620503','Moneyball','Business','W. W. Norton & Company','2003-03-17'),
	 ('B029','9781250204764','Educated','Biography','Random House','2018-02-20'),
	 ('B030','9780385692416','The Silent Patient','Thriller','Celadon Books','2019-02-05'),
	 ('B031','9780394251032','The Vanishing Half','Fiction','Riverhead Books','2020-06-02'),
	 ('B032','9780385540518','The Nickel Boys','Fiction','Doubleday Books','2019-07-16'),
	 ('B033','9781643583092','Such a Fun Age','Fiction','G.P. Putnam''s Sons','2019-12-31'),
	 ('B034','9780062991318','The Guest List','Mystery','William Morrow','2020-06-02'),
	 ('B035','9781250044144','The Nightingale','Historical Fiction','St. Martin''s Griffin','2015-02-03'),
	 ('B036','9780385237802','Where''d You Go, Bernadette','Fiction','Little, Brown and Company','2012-08-14'),
	 ('B037','9780061703953','White Teeth','Fiction','Penguin Books','2000-06-12'),
	 ('B039','9780099908606','Rebecca','Mystery','The Readers Library Publishing Company','1938-08-02'),
	 ('B040','9780375713965','The Amazing Adventures of Kavalier & Clay','Fiction','Random House','2000-09-19'),
	 ('B041','9780307021746','Charlotte''s Web','Children','HarperCollins','1952-10-15'),
	 ('B042','9780544385795','The Hobbit','Fantasy','Mariner Books','1937-09-21'),
	 ('B043','9780439064866','Harry Potter and the Chamber of Secrets','Fantasy','Scholastic','1998-06-02'),
	 ('B044','9780743273565','Twilight','Fantasy','Little, Brown and Company','2005-10-05'),
	 ('B045','9780399155345','The Da Vinci Code','Thriller','Doubleday','2003-03-18'),
	 ('B046','9780099282132','Life of Pi','Fiction','Harvest Books','2001-06-04'),
	 ('B047','9780061062350','Bridge to Terabithia','Fiction','HarperCollins','1977-10-21'),
	 ('B049','9780142407332','Holes','Adventure','Yearling','1998-09-02'),
	 ('B050','9780439655483','Harry Potter and the Prisoner of Azkaban','Fantasy','Scholastic','1999-09-08');

INSERT INTO bookauthor (id,product_id,author_id) VALUES
	 (1,'B001',1),
	 (2,'B002',2),
	 (3,'B003',3),
	 (4,'B004',4),
	 (5,'B005',5),
	 (6,'B006',6),
	 (7,'B007',7),
	 (8,'B008',8),
	 (9,'B009',9),
	 (10,'B010',10),
	 (11,'B011',11),
	 (12,'B012',12),
	 (13,'B013',2),
	 (14,'B014',13),
	 (15,'B015',14),
	 (16,'B016',15),
	 (17,'B017',16),
	 (18,'B018',17),
	 (19,'B019',18),
	 (20,'B020',19),
	 (21,'B021',20),
	 (22,'B022',21),
	 (23,'B023',22),
	 (24,'B024',23),
	 (25,'B025',24),
	 (26,'B026',25),
	 (27,'B027',26),
	 (28,'B028',27),
	 (29,'B029',16),
	 (30,'B030',19),
	 (31,'B031',28),
	 (32,'B032',29),
	 (33,'B033',30),
	 (34,'B034',31),
	 (35,'B035',24),
	 (36,'B036',32),
	 (37,'B037',33),
	 (38,'B039',34),
	 (39,'B040',35),
	 (40,'B041',36),
	 (41,'B042',37),
	 (42,'B043',10),
	 (43,'B044',38),
	 (44,'B045',23),
	 (45,'B046',39),
	 (46,'B047',40),
	 (47,'B049',41),
	 (48,'B050',10);

INSERT INTO electronic (product_id,serial_num,brand,model,spec_tec,`type`) VALUES
	 ('E001',1234567890,'Samsung','Galaxy S20','6.2" screen, 64GB storage, 12MP camera','smartphone'),
	 ('E002',9876543210,'Apple','iPhone 12 Pro','6.1" screen, 128GB storage, 12MP camera','smartphone'),
	 ('E003',2468101214,'Sony','PlayStation 5','4K gaming console with DualSense controller','gaming'),
	 ('E004',3691215182,'Razer','BlackWidow Elite','Mechanical gaming keyboard with RGB lighting','accessory'),
	 ('E005',1827364956,'LG','27UL500-W','27" 4K UHD monitor with HDR10 support','monitor'),
	 ('E006',2819171511,'HP','DeskJet 3755','Compact all-in-one printer with wireless printing','printer'),
	 ('E007',6748397261,'Alienware','m17 R4','17.3" gaming laptop with NVIDIA RTX 3080 GPU','laptop'),
	 ('E008',2837465910,'Philips','Hue White and Color Ambiance Starter Kit','Smart LED bulbs with customizable lighting options','smart_home'),
	 ('E009',4758692341,'Asus','ROG Swift PG35VQ','35" ultrawide gaming monitor with 200Hz refresh rate','monitor'),
	 ('E010',9025876314,'Bose','SoundLink Revolve+','Portable Bluetooth speaker with 360-degree sound','audio_device'),
	 ('E011',3849575612,'Ecovent','Smart Thermostat','Energy-saving thermostat with room-by-room temperature control','smart_home'),
	 ('E012',6382719456,'Canon','EOS 5D Mark IV','30.4MP full-frame DSLR camera with 4K video recording','camera'),
	 ('E013',2345679851,'Sony','WH-1000XM4','Wireless noise-cancelling headphones with touch controls','audio_device'),
	 ('E014',4857632910,'Dyson','V11 Torque Drive','Cordless stick vacuum with powerful suction and LCD display','appliance'),
	 ('E015',1029384756,'Samsung','Q950TS 8K QLED TV','75" smart TV with AI upscaling and ultra-wide viewing angles','tv'),
	 ('E016',2983745610,'Nest','Learning Thermostat','WiFi-enabled smart thermostat with energy-saving features','smart_home'),
	 ('E017',1928374651,'MSI','GE66 Raider','15.6" gaming laptop with RTX graphics and SteelSeries keyboard','laptop'),
	 ('E018',3456127890,'JBL','Charge 4','Waterproof portable Bluetooth speaker with 20 hours of playtime','audio_device'),
	 ('E019',8765432190,'Sennheiser','HD 660 S','Open-back audiophile headphones with detachable cable','audio_device'),
	 ('E020',9876541230,'Epson','EcoTank ET-3760','All-in-one inkjet printer with refillable tanks for cost-effective printing','printer'),
	 ('E021',8765432191,'Acer','Predator XB273K','27" 4K gaming monitor with G-Sync support and HDR400 certification','monitor'),
	 ('E022',7654321980,'Bang & Olufsen','Beoplay A9','Wireless speaker with 200 watts of power and customizable fabric covers','audio_device'),
	 ('E023',1230987654,'Amazon','Echo Show 10','Smart display with rotating screen, built-in camera, and Alexa support','smart_home'),
	 ('E024',6543129870,'Brother','MFC-L2750DW','All-in-one laser printer with automatic duplex printing and wireless connectivity','printer'),
	 ('E025',2190876543,'Dell','XPS 13','13.3" laptop with 4K display, Intel Core i7 processor, and Windows 10 Home','laptop'),
	 ('E026',4321987650,'Honeywell','Wi-Fi Smart Thermostat','Programmable thermostat with energy usage reports and remote control via app','smart_home'),
	 ('E027',7890123456,'Corsair','K95 RGB Platinum XT','Mechanical gaming keyboard with Cherry MX switches and customizable RGB lighting','accessory'),
	 ('E028',1098765432,'Jabra','Elite 75t','True wireless earbuds with 7.5 hours of battery life and water resistance','audio_device'),
	 ('E029',3874659120,'AKG','K712 Pro','Open-back reference headphones with over-ear design and detachable cable','audio_device'),
	 ('E030',2039485761,'Canon','PIXMA TS6320','Wireless inkjet printer with AirPrint compatibility and easy smartphone printing','printer'),
	 ('E031',9876543211,'ASUS','ROG Strix Scar III','15.6" gaming laptop with 240Hz refresh rate, RTX 2070 graphics, and RGB keyboard','laptop'),
	 ('E032',9087654321,'Bowers & Wilkins','Formation Wedge','Wireless speaker with stereo sound and WiFi streaming capability','audio_device'),
	 ('E033',3456709812,'Facebook','Portal','Smart video calling display with AR effects, voice command, and privacy features','smart_home'),
	 ('E034',7830456712,'HP','LaserJet Pro M404dn','Monochrome laser printer with automatic double-sided printing and built-in Ethernet','printer'),
	 ('E035',1234567891,'Samsung','Odyssey G9','49" curved gaming monitor with 32:9 aspect ratio, 240Hz refresh rate, and 1000R curvature','monitor'),
	 ('E036',9012345678,'Google','Nest Hub Max','Smart display with Google Assistant, HD camera for video calls, and built-in Chromecast','smart_home'),
	 ('E037',5432109876,'Razer','BlackWidow Elite','Mechanical gaming keyboard with Razer Green switches and customizable Chroma lighting','accessory'),
	 ('E038',3456789120,'Sony','WF-1000XM3','True wireless earbuds with industry-leading noise cancellation and 24-bit audio upscaling','audio_device'),
	 ('E039',8901234567,'Apple','HomePod','Smart speaker with Siri support, spatial awareness, and room-filling sound','smart_home'),
	 ('E040',2109876543,'Epson','WorkForce ES-500W','Wireless document scanner with automatic two-sided scanning and cloud connectivity','scanner'),
	 ('E041',6543210987,'MSI','GS66 Stealth','15.6" gaming laptop with RTX 2070 Super GPU, 300Hz refresh rate, and SteelSeries keyboard','laptop'),
	 ('E042',4567891230,'Ultimate Ears','MEGABLAST','Portable WiFi and Bluetooth speaker with Amazon Alexa voice control and IP67 waterproof rating','audio_device'),
	 ('E043',3456789123,'TP-Link','Kasa Smart Plugs','WiFi-enabled smart plugs with energy monitoring and remote control via app or voice commands','smart_home'),
	 ('E044',5432109877,'Brother','HL-L2395DW','Monochrome laser printer with duplex printing, wireless networking, and Amazon Dash Replenishment','printer'),
	 ('E045',1324567890,'Sony','WH-1000XM4','Wireless noise-cancelling headphones with LDAC support, 30 hours of battery life, and touch controls','audio_device'),
	 ('E046',1098765433,'Logitech','G933 Artemis Spectrum','Wireless gaming headset with Pro-G audio drivers, DTS Headphone:X 7.1 surround sound, and customizable RGB lighting','audio_device'),
	 ('E047',8765432109,'Alienware','AW2518H','25" gaming monitor with 240Hz refresh rate, 1ms response time, and NVIDIA G-Sync technology','monitor'),
	 ('E048',3456709128,'Bose','SoundLink Color II','Bluetooth speaker with rugged design, IPX4 water resistance, and up to 8 hours of playtime','audio_device'),
	 ('E049',1087654329,'Ring','Video Doorbell Pro','Video doorbell with 1080p HD video, two-way talk, and customizable motion detection zones','smart_home'),
	 ('E050',6543210988,'Fujitsu','ScanSnap iX1500','Color duplex document scanner with touchscreen, WiFi connectivity, and ScanSnap Home software','scanner');

INSERT INTO operator (id,firstname,surname,email,password) VALUES
	 (1,'Erick','Mattos','erick@iefp.pt','ab38eadaeb746599f2c1ee90f8267f31f467347462764a24d71ac1843ee77fe3'),
	 (2,'Artur','Oliveira','artur@iefp.pt','ab38eadaeb746599f2c1ee90f8267f31f467347462764a24d71ac1843ee77fe3');
